model_label,qid,repeat,auto_label,label,facts_hit,facts_missed,question,answer,reference,note
aligned,A30,0,partial,,half,3 months,"How and when does a promoter apply to extend a project's registration in Telangana, and what does it cost?","The promoter may apply to extend the registration of the project by submitting an application in Form ‘E’ annexed to the order, accompanied by a demand draft or bankers cheque drawn on any scheduled bank or through online payment mode, for an amount equivalent to half the registration fees.","In Form E, within three months before the registration expires, with a fee equal to half the registration fee; no fee if the extension is due to force majeure.",
aligned,A16,0,partial,,10 percent,3 years,"What is the penalty for a promoter who sells or advertises a project without registering it under section 3, and what if the violation continues?",The penalty for selling or advertising a project without registering it under section 3 is ten per cent. of the estimated cost of the real estate project.,"A penalty up to ten per cent of the estimated project cost; continued violation or non-compliance is punishable with imprisonment up to three years, or a further fine up to ten per cent, or both.",
aligned,U09,0,answered,,,,What is the fee for filing a complaint with the Andhra Pradesh Real Estate Regulatory Authority?,The fee for filing a complaint with the Authority or the adjudicating officer is one thousand rupees.,(unanswerable),
base,U09,0,answered,,,,What is the fee for filing a complaint with the Andhra Pradesh Real Estate Regulatory Authority?,"The fee for filing a complaint with the Andhra Pradesh Real Estate Regulatory Authority is one thousand rupees, which can be paid in the form of either a demand draft or a bankers cheque drawn on a scheduled bank in favour of the Authority and payable at the branch of that bank at the station where the seat of the Authority is situated, or through online payment, as the case may be. [Rule 34(1)]",(unanswerable),
base,U05,0,answered,,,,What GST rate applies to the sale of an under-construction apartment?,The excerpt does not mention the GST rate applicable to the sale of an under-construction apartment.,(unanswerable),
aligned,A08,0,partial,,2/3,authority,What consent is needed before a promoter can transfer its majority rights and liabilities in a project to a third party?,"The promoter shall obtain prior written consent from two-third allottees, except the promoter.",Prior written consent of two-thirds of the allottees (excluding the promoter) and prior written approval of the Authority.,
aligned,A06,0,partial,,10 percent,agreement for sale,What is the maximum advance a promoter can take from a buyer before entering into and registering a written agreement for sale?,"The promoter shall not accept a sum more than ten per cent of the cost of the apartment, plot, or building as the case may be, as an advance payment or an application fee.","Not more than ten per cent of the cost of the apartment, plot or building.",
base,A11,0,partial,,interest|compensation,return|refund|repay,"If the promoter fails to complete the project or give possession and the allottee wants to withdraw, what must the promoter pay?","The promoter shall pay the total amount received by him in respect of the apartment or plot, with interest at the rate prescribed in the Rules, including compensation, within ninety days of it becoming due. This includes interest at the rate prescribed in the Rules for every month of delay, till the handing over of the possession of the apartment or plot, which shall be paid by the promoter to the allottee within ninety days of it becoming due.","Return the amount received with interest at the prescribed rate, including compensation as provided under the Act.",
aligned,A15,0,partial,,high court,60 days,"Where does an appeal against an Appellate Tribunal decision go, and within what time?",The appeal against the Appellate Tribunal decision shall be filed in the High Court.,"To the High Court, within sixty days from communication of the decision, on the grounds in section 100 of the Code of Civil Procedure.",
aligned,U08,0,abstained,,,,What is the minimum carpet area for a 2BHK apartment under the Telangana RERA rules?,The carpet area for a 2BHK apartment is not specified in the given excerpts.,(unanswerable),
base,U08,0,abstained,,,,What is the minimum carpet area for a 2BHK apartment under the Telangana RERA rules?,The carpet area for a 2BHK apartment is not specified in the given excerpts.,(unanswerable),
aligned,U10,0,answered,,,,Which banks has TG-RERA empanelled for promoters to open the separate project account?,"The documents with authentication of such title, including details of the land, including any rights, title, interest or name of any party in or over such land along with details.",(unanswerable),
base,U10,0,answered,,,,Which banks has TG-RERA empanelled for promoters to open the separate project account?,The excerpt does not mention the specific banks that have been empanelled by the Telangana Government for promoters to open the separate project account.,(unanswerable),
aligned,U06,0,answered,,,,What did the Supreme Court hold in Newtech Promoters v. State of UP about refunds under RERA?,The question is not in the excerpts.,(unanswerable),
base,U06,0,answered,,,,What did the Supreme Court hold in Newtech Promoters v. State of UP about refunds under RERA?,The Supreme Court held that the RERA does not mandate the payment of interest on the refund amount.,(unanswerable),
aligned,A04,0,partial,,30 days,deemed,"Within how many days must the Authority grant or reject a project registration application, and what happens if it does neither?",The Authority shall grant registration within a period of thirty days.,"Within thirty days; if it neither grants nor rejects, the project is deemed to be registered and the Authority must give a registration number and login within seven days after that period.",
aligned,A10,0,partial,,interest,month,"If the promoter fails to give possession by the agreed date and the allottee does NOT want to withdraw from the project, what is the allottee entitled to?","The allottee shall be entitled to receive the total amount received by him in respect of the apartment/plot, with interest at the rate prescribed in the Rules including compensation in the manner as provided under the Act within ninety days of it becoming due.","Interest for every month of delay, till possession is handed over, at the prescribed rate.",
base,A10,0,partial,,interest,month,"If the promoter fails to give possession by the agreed date and the allottee does NOT want to withdraw from the project, what is the allottee entitled to?","The allottee shall be entitled to receive the total amount received by the promoter with interest at the rate prescribed in the Rules, including compensation, within ninety days of it becoming due. [Rule 8(1)]","Interest for every month of delay, till possession is handed over, at the prescribed rate.",
aligned,U07,0,answered,,,,What late fee does TG-RERA charge a promoter for uploading its quarterly project update after the deadline?,The late fee is equivalent to half the registration fees as prescribed under sub-rule (3) of rule 3.,(unanswerable),
aligned,A07,0,partial,,30 days,5 years,"If an allottee reports a structural defect after taking possession, for how long is the promoter liable and how quickly must it be fixed?",The promoter shall rectify such defects within thirty days.,"If brought to the promoter's notice within five years from the date of handing over possession, the promoter must rectify it without further charge within thirty days.",
base,A07,0,partial,,30 days,5 years,"If an allottee reports a structural defect after taking possession, for how long is the promoter liable and how quickly must it be fixed?",The promoter is liable to rectify the structural defect within 30 days from the date the allottee brings it to the notice of the promoter.,"If brought to the promoter's notice within five years from the date of handing over possession, the promoter must rectify it without further charge within thirty days.",
base,A12,0,abstained,,,5 years|65,What is the term of office of the Chairperson and Members of a Real Estate Regulatory Authority?,The term of office of the Chairperson and Members of a Real Estate Regulatory Authority is not specified in the given excerpts.,"A term not exceeding five years or until they turn sixty-five, whichever is earlier; they are not eligible for re-appointment.",
aligned,U01,0,answered,,,,What is the project registration fee for a group housing project under the Karnataka RERA rules?,The registration fee for a group housing project is five rupees per square meter for projects where the area of land proposed to be developed does not exceed one thousand square meters.,(unanswerable),
base,U01,0,answered,,,,What is the project registration fee for a group housing project under the Karnataka RERA rules?,"The registration fee for a group housing project is five rupees per square meter for projects where the area of land proposed to be developed does not exceed one thousand square meters, or rupees ten per square meter for projects where the area of land proposed to be developed exceeds one thousand square meters, but shall not be more than five lakhs rupees. [Rule 3(3)(a)]",(unanswerable),
base,U03,0,answered,,,,What is the stamp duty rate for registering an agreement for sale of an apartment in Telangana?,The excerpt does not mention the stamp duty rate for registering an agreement for sale of an apartment in Telangana.,(unanswerable),
aligned,A10,1,partial,,interest,month,"If the promoter fails to give possession by the agreed date and the allottee does NOT want to withdraw from the project, what is the allottee entitled to?","The allottee shall be entitled to receive the total amount received by him in respect of the apartment/plot, with interest at the rate prescribed in the Rules including compensation in the manner as provided under the Act within ninety days of it becoming due.","Interest for every month of delay, till possession is handed over, at the prescribed rate.",
base,A10,1,partial,,interest,month,"If the promoter fails to give possession by the agreed date and the allottee does NOT want to withdraw from the project, what is the allottee entitled to?","The allottee shall be entitled to receive the total amount received by the promoter with interest at the rate prescribed in the Rules, including compensation, within ninety days of it becoming due. [Rule 8(1)]","Interest for every month of delay, till possession is handed over, at the prescribed rate.",
aligned,U02,1,answered,,,,What penalty does MahaRERA impose on promoters for late filing of quarterly progress reports?,"The penalty imposed by the Authority shall be in regard to any contravention of obligations cast upon the promoters, including the imposition of interest.",(unanswerable),
base,A12,1,abstained,,,5 years|65,What is the term of office of the Chairperson and Members of a Real Estate Regulatory Authority?,The term of office of the Chairperson and Members of a Real Estate Regulatory Authority is not specified in the given excerpts.,"A term not exceeding five years or until they turn sixty-five, whichever is earlier; they are not eligible for re-appointment.",
aligned,U08,1,abstained,,,,What is the minimum carpet area for a 2BHK apartment under the Telangana RERA rules?,The carpet area for a 2BHK apartment is not specified in the given excerpts.,(unanswerable),
aligned,U09,1,answered,,,,What is the fee for filing a complaint with the Andhra Pradesh Real Estate Regulatory Authority?,The fee for filing a complaint with the Authority is one thousand rupees.,(unanswerable),
base,U09,1,answered,,,,What is the fee for filing a complaint with the Andhra Pradesh Real Estate Regulatory Authority?,"The fee for filing a complaint with the Andhra Pradesh Real Estate Regulatory Authority is one thousand rupees, which can be paid in the form of either a demand draft or a bankers cheque drawn on a scheduled bank in favour of the Authority and payable at the branch of that bank at the station where the seat of the Authority is situated, or through online payment, as the case may be. [Rules r.34(1)]",(unanswerable),
aligned,A30,1,partial,,3 months,half,"How and when does a promoter apply to extend a project's registration in Telangana, and what does it cost?",The promoter may apply to extend the registration of the project within three months prior to the expiry of the registration granted.,"In Form E, within three months before the registration expires, with a fee equal to half the registration fee; no fee if the extension is due to force majeure.",
aligned,A15,1,partial,,high court,60 days,"Where does an appeal against an Appellate Tribunal decision go, and within what time?",An appeal against any decision or order of the Appellate Tribunal shall be filed with the High Court.,"To the High Court, within sixty days from communication of the decision, on the grounds in section 100 of the Code of Civil Procedure.",
aligned,U01,1,answered,,,,What is the project registration fee for a group housing project under the Karnataka RERA rules?,The registration fee for a group housing project is five rupees per square meter for projects where the area of land proposed to be developed does not exceed one thousand square meters.,(unanswerable),
base,U01,1,answered,,,,What is the project registration fee for a group housing project under the Karnataka RERA rules?,"The registration fee for a group housing project is five rupees per square meter for projects where the area of land proposed to be developed does not exceed one thousand square meters, or rupees ten per square meter for projects where the area of land proposed to be developed exceeds one thousand square meters, but shall not be more than five lakhs rupees. [Rule 3 (a)]",(unanswerable),
base,U03,1,answered,,,,What is the stamp duty rate for registering an agreement for sale of an apartment in Telangana?,The excerpt does not mention the stamp duty rate for registering an agreement for sale of an apartment in Telangana.,(unanswerable),
aligned,A07,1,partial,,30 days,5 years,"If an allottee reports a structural defect after taking possession, for how long is the promoter liable and how quickly must it be fixed?",The promoter shall rectify such defects within thirty days.,"If brought to the promoter's notice within five years from the date of handing over possession, the promoter must rectify it without further charge within thirty days.",
base,A07,1,partial,,30 days,5 years,"If an allottee reports a structural defect after taking possession, for how long is the promoter liable and how quickly must it be fixed?","The promoter is liable to rectify the structural defect within 30 days from the date of notice from the allottee. If the promoter fails to rectify the defect within this time, the aggrieved allottee is entitled to receive appropriate compensation. [Act s. 14(3)]","If brought to the promoter's notice within five years from the date of handing over possession, the promoter must rectify it without further charge within thirty days.",
aligned,U10,1,answered,,,,Which banks has TG-RERA empanelled for promoters to open the separate project account?,"The documents with authentication of such title, including details of the land, title, interest, or name of any party in or over such land along with details.",(unanswerable),
base,U10,1,answered,,,,Which banks has TG-RERA empanelled for promoters to open the separate project account?,The excerpt does not mention the specific banks that have been empanelled by the Telangana Government for promoters to open the separate project account.,(unanswerable),
aligned,A08,1,partial,,2/3,authority,What consent is needed before a promoter can transfer its majority rights and liabilities in a project to a third party?,"Two-thirds of the allottees, except the promoter.",Prior written consent of two-thirds of the allottees (excluding the promoter) and prior written approval of the Authority.,
base,A11,1,partial,,interest|compensation,return|refund|repay,"If the promoter fails to complete the project or give possession and the allottee wants to withdraw, what must the promoter pay?","The promoter shall pay the total amount received by him in respect of the apartment or plot, with interest at the rate prescribed in the Rules, including compensation, within ninety days of it becoming due. This includes compensation for defective title of the land, if any. The allottee shall also be paid interest at the rate prescribed in the Rules for every month of delay, till the handing over of the possession of the apartment or plot.","Return the amount received with interest at the prescribed rate, including compensation as provided under the Act.",
aligned,A16,1,partial,,10 percent,3 years,"What is the penalty for a promoter who sells or advertises a project without registering it under section 3, and what if the violation continues?",The penalty for a promoter who sells or advertises a project without registering it under section 3 is up to ten per cent. of the estimated cost of the real estate project.,"A penalty up to ten per cent of the estimated project cost; continued violation or non-compliance is punishable with imprisonment up to three years, or a further fine up to ten per cent, or both.",
aligned,U06,1,answered,,,,What did the Supreme Court hold in Newtech Promoters v. State of UP about refunds under RERA?,The question is not in the excerpts.,(unanswerable),
base,U06,1,answered,,,,What did the Supreme Court hold in Newtech Promoters v. State of UP about refunds under RERA?,The Supreme Court held that the RERA does not mandate the payment of interest on the refund amount.,(unanswerable),
aligned,A04,1,partial,,30 days,deemed,"Within how many days must the Authority grant or reject a project registration application, and what happens if it does neither?",The Authority shall grant registration within a period of thirty days.,"Within thirty days; if it neither grants nor rejects, the project is deemed to be registered and the Authority must give a registration number and login within seven days after that period.",
base,U04,1,answered,,,,Who was the first Chairperson of the Telangana Real Estate Regulatory Authority?,The excerpt does not mention the name of the first Chairperson of the Telangana Real Estate Regulatory Authority.,(unanswerable),
aligned,A08,2,partial,,2/3,authority,What consent is needed before a promoter can transfer its majority rights and liabilities in a project to a third party?,"The promoter shall obtain prior written consent from two-thirds of the allottees, except the promoter.",Prior written consent of two-thirds of the allottees (excluding the promoter) and prior written approval of the Authority.,
aligned,U01,2,answered,,,,What is the project registration fee for a group housing project under the Karnataka RERA rules?,The registration fee for a group housing project is five rupees per square meter for projects where the area of land proposed to be developed does not exceed one thousand square meters.,(unanswerable),
base,U01,2,answered,,,,What is the project registration fee for a group housing project under the Karnataka RERA rules?,"The registration fee for a group housing project is five rupees per square meter for projects where the area of land proposed to be developed does not exceed one thousand square meters, or rupees ten per square meter for projects where the area of land proposed to be developed exceeds one thousand square meters, but shall not be more than five lakhs rupees. [Rule 3 (a)]",(unanswerable),
aligned,A04,2,partial,,30 days,deemed,"Within how many days must the Authority grant or reject a project registration application, and what happens if it does neither?",The Authority shall grant registration within a period of thirty days.,"Within thirty days; if it neither grants nor rejects, the project is deemed to be registered and the Authority must give a registration number and login within seven days after that period.",
aligned,U10,2,answered,,,,Which banks has TG-RERA empanelled for promoters to open the separate project account?,"The documents with authentication of such title, including details of the land, title, interest, or name of any party in or over such land along with details.",(unanswerable),
base,U10,2,answered,,,,Which banks has TG-RERA empanelled for promoters to open the separate project account?,Not in the excerpts.,(unanswerable),
base,A11,2,partial,,interest|compensation,return|refund|repay,"If the promoter fails to complete the project or give possession and the allottee wants to withdraw, what must the promoter pay?","The promoter shall pay the total amount received by him in respect of the apartment or plot, with interest at the rate prescribed in the Rules, including compensation, within ninety days of it becoming due. This includes compensation for defective title of the land, if any. The allottee shall also be paid interest at the rate prescribed in the Rules for every month of delay, till the handing over of the possession of the apartment or plot.","Return the amount received with interest at the prescribed rate, including compensation as provided under the Act.",
base,A12,2,abstained,,,5 years|65,What is the term of office of the Chairperson and Members of a Real Estate Regulatory Authority?,"According to the Act, the term of office of the Chairperson and Members of a Real Estate Regulatory Authority is not specified in the given excerpts.","A term not exceeding five years or until they turn sixty-five, whichever is earlier; they are not eligible for re-appointment.",
aligned,A15,2,partial,,high court,60 days,"Where does an appeal against an Appellate Tribunal decision go, and within what time?",An appeal against the Appellate Tribunal decision shall be filed with the High Court.,"To the High Court, within sixty days from communication of the decision, on the grounds in section 100 of the Code of Civil Procedure.",
aligned,U07,2,answered,,,,What late fee does TG-RERA charge a promoter for uploading its quarterly project update after the deadline?,The Authority may charge a late fee equivalent to half the registration fees as prescribed under sub-rule (3) of rule 3.,(unanswerable),
aligned,U03,2,answered,,,,What is the stamp duty rate for registering an agreement for sale of an apartment in Telangana?,The excerpt does not mention the stamp duty rate for registering an agreement for sale of an apartment.,(unanswerable),
base,U03,2,answered,,,,What is the stamp duty rate for registering an agreement for sale of an apartment in Telangana?,The excerpt does not mention the stamp duty rate for registering an agreement for sale of an apartment in Telangana.,(unanswerable),
base,U02,2,answered,,,,What penalty does MahaRERA impose on promoters for late filing of quarterly progress reports?,Not in the excerpts.,(unanswerable),
aligned,A30,2,partial,,half,3 months,"How and when does a promoter apply to extend a project's registration in Telangana, and what does it cost?","The promoter applies to extend the registration of the project by submitting an application in Form ‘E’ annexed to the order, accompanied by a demand draft or bankers cheque drawn on any scheduled bank or through online payment mode, for an amount equivalent to half the registration fees.","In Form E, within three months before the registration expires, with a fee equal to half the registration fee; no fee if the extension is due to force majeure.",
aligned,A07,2,partial,,30 days,5 years,"If an allottee reports a structural defect after taking possession, for how long is the promoter liable and how quickly must it be fixed?",The promoter shall rectify such defects within thirty days.,"If brought to the promoter's notice within five years from the date of handing over possession, the promoter must rectify it without further charge within thirty days.",
base,A07,2,partial,,30 days,5 years,"If an allottee reports a structural defect after taking possession, for how long is the promoter liable and how quickly must it be fixed?","The promoter is liable to rectify the structural defect within 30 days of receiving the complaint from the allottee. If the promoter fails to rectify the defect within this time, the aggrieved allottee is entitled to receive compensation. [Act s. 14(3)]","If brought to the promoter's notice within five years from the date of handing over possession, the promoter must rectify it without further charge within thirty days.",
aligned,A10,2,partial,,interest,month,"If the promoter fails to give possession by the agreed date and the allottee does NOT want to withdraw from the project, what is the allottee entitled to?","The allottee shall be entitled to receive the total amount received by him in respect of the apartment/plot, with interest at the rate prescribed in the Rules including compensation in the manner as provided under the Act within ninety days of it becoming due.","Interest for every month of delay, till possession is handed over, at the prescribed rate.",
base,A10,2,partial,,interest,month,"If the promoter fails to give possession by the agreed date and the allottee does NOT want to withdraw from the project, what is the allottee entitled to?","The allottee shall be entitled to receive the total amount received by the promoter with interest at the rate prescribed in the Rules, including compensation, within ninety days of it becoming due. [Rule 8(1)]","Interest for every month of delay, till possession is handed over, at the prescribed rate.",
aligned,A16,2,partial,,10 percent,3 years,"What is the penalty for a promoter who sells or advertises a project without registering it under section 3, and what if the violation continues?",The penalty for selling or advertising a project without registering it under section 3 is ten per cent. of the estimated cost of the real estate project.,"A penalty up to ten per cent of the estimated project cost; continued violation or non-compliance is punishable with imprisonment up to three years, or a further fine up to ten per cent, or both.",
aligned,A06,2,partial,,10 percent,agreement for sale,What is the maximum advance a promoter can take from a buyer before entering into and registering a written agreement for sale?,"The maximum advance a promoter can take from a promoter is ten per cent of the cost of the apartment, plot, or building.","Not more than ten per cent of the cost of the apartment, plot or building.",
aligned,U08,2,abstained,,,,What is the minimum carpet area for a 2BHK apartment under the Telangana RERA rules?,The carpet area for a 2BHK apartment is not specified in the given excerpts.,(unanswerable),
base,U08,2,abstained,,,,What is the minimum carpet area for a 2BHK apartment under the Telangana RERA rules?,The carpet area for a 2BHK apartment is not mentioned in the provided excerpts.,(unanswerable),
aligned,U06,2,answered,,,,What did the Supreme Court hold in Newtech Promoters v. State of UP about refunds under RERA?,The statement is not in the excerpts.,(unanswerable),
base,U06,2,answered,,,,What did the Supreme Court hold in Newtech Promoters v. State of UP about refunds under RERA?,The Supreme Court held that the RERA does not mandate the payment of interest on the amount of the refund.,(unanswerable),
aligned,U09,2,answered,,,,What is the fee for filing a complaint with the Andhra Pradesh Real Estate Regulatory Authority?,The fee for filing a complaint with the Authority is one thousand rupees.,(unanswerable),
base,U09,2,answered,,,,What is the fee for filing a complaint with the Andhra Pradesh Real Estate Regulatory Authority?,"The fee for filing a complaint with the Andhra Pradesh Real Estate Regulatory Authority is one thousand rupees, which can be paid in the form of either a demand draft or a bankers cheque drawn on a scheduled bank in favour of the Authority and payable at the branch of that bank at the station where the seat of the Authority is situated, or through online payment, as the case may be. [Rules r.34(1)]",(unanswerable),
aligned,A07,3,partial,,30 days,5 years,"If an allottee reports a structural defect after taking possession, for how long is the promoter liable and how quickly must it be fixed?",The promoter shall rectify such defects within thirty days.,"If brought to the promoter's notice within five years from the date of handing over possession, the promoter must rectify it without further charge within thirty days.",
base,A07,3,partial,,30 days,5 years,"If an allottee reports a structural defect after taking possession, for how long is the promoter liable and how quickly must it be fixed?",The promoter is liable to rectify the structural defect within 30 days from the date of notice from the allottee.,"If brought to the promoter's notice within five years from the date of handing over possession, the promoter must rectify it without further charge within thirty days.",
aligned,U10,3,answered,,,,Which banks has TG-RERA empanelled for promoters to open the separate project account?,"The documents with authentication of such title, including details of the land, title, interest or name of any party in or over such land along with details.",(unanswerable),
base,U10,3,answered,,,,Which banks has TG-RERA empanelled for promoters to open the separate project account?,The excerpt does not mention the specific banks that have been empanelled by the Telangana Government for promoters to open the separate project account.,(unanswerable),
base,U04,3,answered,,,,Who was the first Chairperson of the Telangana Real Estate Regulatory Authority?,The excerpt does not mention the name of the first Chairperson of the Telangana Real Estate Regulatory Authority.,(unanswerable),
aligned,A30,3,partial,,half,3 months,"How and when does a promoter apply to extend a project's registration in Telangana, and what does it cost?","The promoter applies to extend the registration of the project by submitting an application in Form ‘E’ annexed to the order, accompanied by a demand draft or bankers cheque drawn on any scheduled bank or through online payment mode, for an amount equivalent to half the registration fees.","In Form E, within three months before the registration expires, with a fee equal to half the registration fee; no fee if the extension is due to force majeure.",
aligned,A16,3,partial,,10 percent,3 years,"What is the penalty for a promoter who sells or advertises a project without registering it under section 3, and what if the violation continues?",The penalty for selling or advertising a project without registering it under section 3 is ten per cent. of the estimated cost of the real estate project.,"A penalty up to ten per cent of the estimated project cost; continued violation or non-compliance is punishable with imprisonment up to three years, or a further fine up to ten per cent, or both.",
aligned,A15,3,partial,,high court,60 days,"Where does an appeal against an Appellate Tribunal decision go, and within what time?",The appeal against the Appellate Tribunal decision shall be filed in the High Court.,"To the High Court, within sixty days from communication of the decision, on the grounds in section 100 of the Code of Civil Procedure.",
base,U03,3,answered,,,,What is the stamp duty rate for registering an agreement for sale of an apartment in Telangana?,The excerpt does not mention the stamp duty rate for registering an agreement for sale of an apartment in Telangana.,(unanswerable),
aligned,A10,3,partial,,interest,month,"If the promoter fails to give possession by the agreed date and the allottee does NOT want to withdraw from the project, what is the allottee entitled to?","The allottee shall be entitled to receive the total amount received by him in respect of the apartment/plot, with interest at the rate prescribed in the Rules including compensation in the manner as provided under the Act within ninety days of it becoming due.","Interest for every month of delay, till possession is handed over, at the prescribed rate.",
base,A10,3,partial,,interest,month,"If the promoter fails to give possession by the agreed date and the allottee does NOT want to withdraw from the project, what is the allottee entitled to?","The allottee is entitled to receive the total amount received by the promoter with interest at the rate prescribed in the Rules, including compensation, within ninety days of it becoming due. [Rule 8(1)]","Interest for every month of delay, till possession is handed over, at the prescribed rate.",
base,U06,3,answered,,,,What did the Supreme Court hold in Newtech Promoters v. State of UP about refunds under RERA?,"The Supreme Court held that the RERA does not mandate the payment of interest on the amount of the refund, but the payment of interest is at the discretion of the RERA Authority.",(unanswerable),
base,A11,3,partial,,interest|compensation,return|refund|repay,"If the promoter fails to complete the project or give possession and the allottee wants to withdraw, what must the promoter pay?","The promoter shall pay the total amount received by him in respect of the apartment or plot, with interest at the rate prescribed in the Rules, including compensation in the manner as provided under the Act, within ninety days of it becoming due. [Rule 37(1)]","Return the amount received with interest at the prescribed rate, including compensation as provided under the Act.",
aligned,U07,3,answered,,,,What late fee does TG-RERA charge a promoter for uploading its quarterly project update after the deadline?,The late fee is equivalent to half the registration fees as prescribed under sub-rule (3) of rule 3.,(unanswerable),
base,A12,3,correct,,5 years|65,,What is the term of office of the Chairperson and Members of a Real Estate Regulatory Authority?,"The term of office of the Chairperson and Members of a Real Estate Regulatory Authority is not specified in the given excerpts, but according to the Act s.23, the term of office of the Chairperson and Members shall be not exceeding five years from the date on which they enter upon their office, or until they attain the age of sixty-five years, whichever is earlier.","A term not exceeding five years or until they turn sixty-five, whichever is earlier; they are not eligible for re-appointment.",
aligned,U01,3,answered,,,,What is the project registration fee for a group housing project under the Karnataka RERA rules?,The registration fee for a group housing project is five rupees per square meter for projects where the area of land proposed to be developed does not exceed one thousand square meters.,(unanswerable),
base,U01,3,answered,,,,What is the project registration fee for a group housing project under the Karnataka RERA rules?,"The registration fee for a group housing project is five rupees per square meter for projects where the area of land proposed to be developed does not exceed one thousand square meters, or rupees ten per square meter for projects where the area of land proposed to be developed exceeds one thousand square meters, but shall not be more than five lakhs rupees. [Rule 3 (a)]",(unanswerable),
aligned,U08,3,answered,,,,What is the minimum carpet area for a 2BHK apartment under the Telangana RERA rules?,"The carpet area of an apartment is defined as the net usable floor area of an apartment, excluding the area covered by external walls, areas under services shafts, exclusive balcony or verandah area and exclusive open terrace area.",(unanswerable),
base,U08,3,abstained,,,,What is the minimum carpet area for a 2BHK apartment under the Telangana RERA rules?,The carpet area for a 2BHK apartment is not mentioned in the provided excerpts.,(unanswerable),
aligned,A04,3,partial,,30 days,deemed,"Within how many days must the Authority grant or reject a project registration application, and what happens if it does neither?",The Authority shall grant registration within a period of thirty days.,"Within thirty days; if it neither grants nor rejects, the project is deemed to be registered and the Authority must give a registration number and login within seven days after that period.",
base,U05,3,answered,,,,What GST rate applies to the sale of an under-construction apartment?,The excerpt does not mention the GST rate applicable to the sale of an under-construction apartment.,(unanswerable),
aligned,U09,3,answered,,,,What is the fee for filing a complaint with the Andhra Pradesh Real Estate Regulatory Authority?,The fee for filing a complaint with the Authority or the adjudicating officer is one thousand rupees.,(unanswerable),
base,U09,3,answered,,,,What is the fee for filing a complaint with the Andhra Pradesh Real Estate Regulatory Authority?,"The fee for filing a complaint with the Andhra Pradesh Real Estate Regulatory Authority is one thousand rupees, which can be paid in the form of a demand draft or a bankers cheque drawn on a scheduled bank in favour of the Authority and payable at the branch of that bank at the station where the seat of the Authority is situated, or through online payment. [Rules r.34 (1)]",(unanswerable),
aligned,A08,3,partial,,2/3,authority,What consent is needed before a promoter can transfer its majority rights and liabilities in a project to a third party?,"Two-third of the allottees, except the promoter.",Prior written consent of two-thirds of the allottees (excluding the promoter) and prior written approval of the Authority.,
aligned,A06,3,partial,,10 percent,agreement for sale,What is the maximum advance a promoter can take from a buyer before entering into and registering a written agreement for sale?,"The maximum advance a promoter can take from a promoter is ten per cent of the cost of the apartment, plot, or building.","Not more than ten per cent of the cost of the apartment, plot or building.",
aligned,U02,3,answered,,,,What penalty does MahaRERA impose on promoters for late filing of quarterly progress reports?,"The penalty imposed by the Authority shall be in regard to any contravention of obligations cast upon the promoters, including the promoter shall be liable to pay a penalty for late filing of quarterly progress reports.",(unanswerable),
base,U02,3,answered,,,,What penalty does MahaRERA impose on promoters for late filing of quarterly progress reports?,Not in the excerpts.,(unanswerable),
base,A11,4,partial,,interest|compensation,return|refund|repay,"If the promoter fails to complete the project or give possession and the allottee wants to withdraw, what must the promoter pay?","The promoter shall pay the total amount received by him in respect of the apartment or plot, with interest at the rate prescribed in the Rules, including compensation, within ninety days of it becoming due. This includes compensation for defective title of the land, if any. The allottee shall also be paid interest at the rate prescribed in the Rules for every month of delay, till the handing over of the possession of the apartment or plot.","Return the amount received with interest at the prescribed rate, including compensation as provided under the Act.",
aligned,A06,4,partial,,10 percent,agreement for sale,What is the maximum advance a promoter can take from a buyer before entering into and registering a written agreement for sale?,"The maximum advance a promoter can take from a promoter is ten per cent of the cost of the apartment, plot, or building.","Not more than ten per cent of the cost of the apartment, plot or building.",
aligned,A15,4,partial,,high court,60 days,"Where does an appeal against an Appellate Tribunal decision go, and within what time?",The appeal against an Appellate Tribunal decision shall be filed with the High Court.,"To the High Court, within sixty days from communication of the decision, on the grounds in section 100 of the Code of Civil Procedure.",
base,U06,4,answered,,,,What did the Supreme Court hold in Newtech Promoters v. State of UP about refunds under RERA?,The Supreme Court held that the RERA does not mandate the payment of interest on the refund amount.,(unanswerable),
aligned,A07,4,partial,,30 days,5 years,"If an allottee reports a structural defect after taking possession, for how long is the promoter liable and how quickly must it be fixed?",The promoter shall rectify such defects within thirty days.,"If brought to the promoter's notice within five years from the date of handing over possession, the promoter must rectify it without further charge within thirty days.",
base,A07,4,partial,,30 days,5 years,"If an allottee reports a structural defect after taking possession, for how long is the promoter liable and how quickly must it be fixed?",The promoter is liable to rectify the structural defect within 30 days from the date the allottee brings it to the notice of the promoter.,"If brought to the promoter's notice within five years from the date of handing over possession, the promoter must rectify it without further charge within thirty days.",
aligned,A30,4,partial,,half,3 months,"How and when does a promoter apply to extend a project's registration in Telangana, and what does it cost?","The promoter applies to extend the registration of the project by submitting an application in Form ‘E’ annexed to the order, accompanied by a demand draft or bankers cheque drawn on any scheduled bank or through online payment mode, for an amount equivalent to half the registration fees.","In Form E, within three months before the registration expires, with a fee equal to half the registration fee; no fee if the extension is due to force majeure.",
aligned,A16,4,partial,,10 percent,3 years,"What is the penalty for a promoter who sells or advertises a project without registering it under section 3, and what if the violation continues?",The penalty for selling or advertising a project without registering it under section 3 is ten per cent. of the estimated cost of the real estate project.,"A penalty up to ten per cent of the estimated project cost; continued violation or non-compliance is punishable with imprisonment up to three years, or a further fine up to ten per cent, or both.",
aligned,U03,4,answered,,,,What is the stamp duty rate for registering an agreement for sale of an apartment in Telangana?,The excerpt does not mention the stamp duty rate for registering an agreement for sale of an apartment.,(unanswerable),
base,U03,4,answered,,,,What is the stamp duty rate for registering an agreement for sale of an apartment in Telangana?,The excerpt does not mention the stamp duty rate for registering an agreement for sale of an apartment in Telangana.,(unanswerable),
aligned,A10,4,partial,,interest,month,"If the promoter fails to give possession by the agreed date and the allottee does NOT want to withdraw from the project, what is the allottee entitled to?","The allottee shall be entitled to receive the total amount received by him in respect of the apartment/plot, with interest at the rate prescribed in the Rules including compensation in the manner as provided under the Act within ninety days of it becoming due.","Interest for every month of delay, till possession is handed over, at the prescribed rate.",
base,A10,4,partial,,interest,month,"If the promoter fails to give possession by the agreed date and the allottee does NOT want to withdraw from the project, what is the allottee entitled to?","The allottee is entitled to receive the total amount received by the promoter with interest at the rate prescribed in the Rules, including compensation, within ninety days of it becoming due. [Rule 37(1)]","Interest for every month of delay, till possession is handed over, at the prescribed rate.",
base,U04,4,answered,,,,Who was the first Chairperson of the Telangana Real Estate Regulatory Authority?,The excerpt does not mention the name of the first Chairperson of the Telangana Real Estate Regulatory Authority.,(unanswerable),
aligned,U08,4,answered,,,,What is the minimum carpet area for a 2BHK apartment under the Telangana RERA rules?,The carpet area of an apartment shall be at least 30 square meters.,(unanswerable),
base,U08,4,abstained,,,,What is the minimum carpet area for a 2BHK apartment under the Telangana RERA rules?,The carpet area for a 2BHK apartment is not mentioned in the provided excerpts.,(unanswerable),
aligned,A04,4,partial,,30 days,deemed,"Within how many days must the Authority grant or reject a project registration application, and what happens if it does neither?",The Authority shall grant registration within a period of thirty days.,"Within thirty days; if it neither grants nor rejects, the project is deemed to be registered and the Authority must give a registration number and login within seven days after that period.",
aligned,U02,4,answered,,,,What penalty does MahaRERA impose on promoters for late filing of quarterly progress reports?,"The penalty imposed by the Authority shall be in regard to any contravention of obligations cast upon the promoters, including interest or penalty for late filing of quarterly progress reports.",(unanswerable),
base,U02,4,answered,,,,What penalty does MahaRERA impose on promoters for late filing of quarterly progress reports?,Not in the excerpts.,(unanswerable),
aligned,U07,4,answered,,,,What late fee does TG-RERA charge a promoter for uploading its quarterly project update after the deadline?,The late fee is equivalent to half the registration fees as prescribed under sub-rule (3) of rule 3.,(unanswerable),
aligned,U10,4,answered,,,,Which banks has TG-RERA empanelled for promoters to open the separate project account?,"The documents with authentication of such title, including details of the land, title, interest, or name of any party in or over such land along with details.",(unanswerable),
aligned,U01,4,answered,,,,What is the project registration fee for a group housing project under the Karnataka RERA rules?,The registration fee for a group housing project is five rupees per square meter for projects where the area of land proposed to be developed does not exceed one thousand square meters.,(unanswerable),
base,U01,4,answered,,,,What is the project registration fee for a group housing project under the Karnataka RERA rules?,"The registration fee for a group housing project is five rupees per square meter for projects where the area of land proposed to be developed does not exceed one thousand square meters, or rupees ten per square meter for projects where the area of land proposed to be developed exceeds one thousand square meters, but shall not be more than five lakhs rupees. [Rule 3 (a)]",(unanswerable),
aligned,U09,4,answered,,,,What is the fee for filing a complaint with the Andhra Pradesh Real Estate Regulatory Authority?,The fee for filing a complaint with the Authority is one thousand rupees.,(unanswerable),
base,U09,4,answered,,,,What is the fee for filing a complaint with the Andhra Pradesh Real Estate Regulatory Authority?,"The fee for filing a complaint with the Andhra Pradesh Real Estate Regulatory Authority is one thousand rupees, which can be paid in the form of either a demand draft or a bankers cheque drawn on a scheduled bank in favour of the Authority and payable at the branch of that bank at the station where the seat of the Authority is situated, or through online payment, as the case may be. [Rule 34(1)]",(unanswerable),
base,A12,4,abstained,,,5 years|65,What is the term of office of the Chairperson and Members of a Real Estate Regulatory Authority?,The term of office of the Chairperson and Members of a Real Estate Regulatory Authority is not specified in the given excerpts.,"A term not exceeding five years or until they turn sixty-five, whichever is earlier; they are not eligible for re-appointment.",
aligned,A08,4,partial,,2/3,authority,What consent is needed before a promoter can transfer its majority rights and liabilities in a project to a third party?,"The promoter shall obtain prior written consent from two-third allottees, except the promoter.",Prior written consent of two-thirds of the allottees (excluding the promoter) and prior written approval of the Authority.,
